epoch,time,train/box_loss,train/cls_loss,train/l1_loss,metrics/precision(B),metrics/recall(B),metrics/mAP50(B),metrics/mAP50-95(B),val/box_loss,val/cls_loss,val/l1_loss,lr/pg0,lr/pg1,lr/pg2,lr/pg3,lr/pg4,lr/pg5,lr/pg6,lr/pg7
1,257.631,1.66319,3.87192,0.01588,0.75223,0.66288,0.77461,0.45509,1.39896,1.2667,0.01819,0.00998113,0.00332704,0.00998113,0.00332704,0.00998113,0.00332704,0.00998113,0.00332704
2,505.874,1.64991,1.89,0.01562,0.84927,0.65449,0.77649,0.45648,1.44915,1.20308,0.0184,0.0199799,0.00665997,0.0199799,0.00665997,0.0199799,0.00665997,0.0199799,0.00665997
3,750.648,1.76937,2.07549,0.01736,0.69769,0.56313,0.64959,0.34135,1.76758,1.70385,0.02303,0.0299738,0.00999127,0.0299738,0.00999127,0.0299738,0.00999127,0.0299738,0.00999127
4,993.847,1.84215,2.2436,0.01791,0.78042,0.55429,0.67048,0.35435,1.81659,1.46366,0.02367,0.0299835,0.0099945,0.0299835,0.0099945,0.0299835,0.0099945,0.0299835,0.0099945
5,1236.82,1.77077,2.116,0.01703,0.78452,0.62057,0.73969,0.409,1.6397,1.25035,0.02211,0.0299707,0.00999023,0.0299707,0.00999023,0.0299707,0.00999023,0.0299707,0.00999023
6,1480.63,1.71223,2.04059,0.01627,0.81242,0.67263,0.77303,0.45134,1.53416,1.39513,0.02091,0.0299542,0.00998474,0.0299542,0.00998474,0.0299542,0.00998474,0.0299542,0.00998474
7,1723.7,1.69325,1.8903,0.01625,0.79172,0.69444,0.77863,0.44352,1.53396,1.19545,0.01918,0.0299341,0.00997803,0.0299341,0.00997803,0.0299341,0.00997803,0.0299341,0.00997803
8,1966.41,1.65798,1.84839,0.0159,0.78936,0.71843,0.79935,0.4748,1.48732,1.05277,0.01917,0.0299103,0.00997011,0.0299103,0.00997011,0.0299103,0.00997011,0.0299103,0.00997011
9,2209.04,1.62713,1.79169,0.01517,0.85173,0.73485,0.83517,0.5275,1.35539,0.99324,0.01842,0.0298829,0.00996097,0.0298829,0.00996097,0.0298829,0.00996097,0.0298829,0.00996097
10,2452.48,1.59632,1.71767,0.01481,0.8625,0.72073,0.83754,0.51537,1.40656,0.97189,0.01834,0.0298519,0.00995062,0.0298519,0.00995062,0.0298519,0.00995062,0.0298519,0.00995062
11,2695.61,1.58031,1.69869,0.01481,0.87475,0.71426,0.83958,0.5292,1.38173,0.96119,0.01816,0.0298172,0.00993906,0.0298172,0.00993906,0.0298172,0.00993906,0.0298172,0.00993906
12,2940.05,1.56898,1.64662,0.01451,0.85838,0.75765,0.85563,0.52469,1.41033,0.90558,0.01764,0.0297789,0.00992629,0.0297789,0.00992629,0.0297789,0.00992629,0.0297789,0.00992629
13,3182.69,1.53821,1.60453,0.01431,0.85087,0.74201,0.84132,0.50947,1.43916,0.93548,0.01934,0.029737,0.00991232,0.029737,0.00991232,0.029737,0.00991232,0.029737,0.00991232
14,3466.73,1.5209,1.57736,0.01409,0.87559,0.74643,0.84967,0.54481,1.31855,0.93392,0.01778,0.0296915,0.00989715,0.0296915,0.00989715,0.0296915,0.00989715,0.0296915,0.00989715
15,3709.47,1.52006,1.5582,0.01374,0.87211,0.79214,0.87415,0.55381,1.33696,0.84505,0.01721,0.0296424,0.00988079,0.0296424,0.00988079,0.0296424,0.00988079,0.0296424,0.00988079
16,3953.37,1.48701,1.49989,0.01329,0.85897,0.77778,0.85753,0.55726,1.29194,0.88187,0.01714,0.0295897,0.00986323,0.0295897,0.00986323,0.0295897,0.00986323,0.0295897,0.00986323
17,4197.76,1.49321,1.4802,0.01354,0.8825,0.76641,0.86694,0.53277,1.38827,0.87393,0.01742,0.0295335,0.00984449,0.0295335,0.00984449,0.0295335,0.00984449,0.0295335,0.00984449
18,4441.82,1.47401,1.43259,0.01358,0.85355,0.78739,0.86949,0.55273,1.32521,0.87272,0.01723,0.0294737,0.00982456,0.0294737,0.00982456,0.0294737,0.00982456,0.0294737,0.00982456
19,4684.94,1.44974,1.39142,0.01309,0.88844,0.78431,0.86826,0.5749,1.28174,0.81401,0.01723,0.0294104,0.00980345,0.0294104,0.00980345,0.0294104,0.00980345,0.0294104,0.00980345
20,4927.94,1.44573,1.40322,0.01335,0.92134,0.78382,0.88126,0.57532,1.29221,0.79383,0.0165,0.0293435,0.00978118,0.0293435,0.00978118,0.0293435,0.00978118,0.0293435,0.00978118
21,5171.14,1.44994,1.39862,0.013,0.908,0.77264,0.8743,0.59336,1.24483,0.80991,0.01697,0.0292732,0.00975773,0.0292732,0.00975773,0.0292732,0.00975773,0.0292732,0.00975773
22,5415.05,1.41282,1.36727,0.01275,0.9155,0.79798,0.87812,0.57839,1.26494,0.82456,0.01583,0.0291994,0.00973312,0.0291994,0.00973312,0.0291994,0.00973312,0.0291994,0.00973312
23,5657.08,1.42346,1.34533,0.01278,0.89341,0.78283,0.87519,0.59203,1.19964,0.80691,0.01491,0.0291221,0.00970736,0.0291221,0.00970736,0.0291221,0.00970736,0.0291221,0.00970736
24,5898.71,1.40969,1.32675,0.01242,0.92313,0.7733,0.8843,0.59837,1.23274,0.76716,0.01639,0.0290413,0.00968045,0.0290413,0.00968045,0.0290413,0.00968045,0.0290413,0.00968045
25,6140.96,1.38889,1.31366,0.01273,0.89538,0.78914,0.88314,0.60353,1.17578,0.75677,0.0149,0.0289572,0.00965239,0.0289572,0.00965239,0.0289572,0.00965239,0.0289572,0.00965239
26,6382.76,1.39658,1.3112,0.01233,0.90234,0.80808,0.89002,0.60119,1.20751,0.74904,0.01526,0.0288696,0.0096232,0.0288696,0.0096232,0.0288696,0.0096232,0.0288696,0.0096232
27,6624.36,1.37858,1.28637,0.01221,0.9281,0.78231,0.88004,0.5984,1.25279,0.74342,0.01626,0.0287787,0.00959289,0.0287787,0.00959289,0.0287787,0.00959289,0.0287787,0.00959289
28,6866.52,1.36718,1.2578,0.01232,0.8624,0.80934,0.88891,0.60176,1.219,0.73831,0.01564,0.0286843,0.00956145,0.0286843,0.00956145,0.0286843,0.00956145,0.0286843,0.00956145
29,7109.08,1.36782,1.24298,0.01245,0.91916,0.80303,0.88621,0.60399,1.17895,0.77975,0.01581,0.0285867,0.00952889,0.0285867,0.00952889,0.0285867,0.00952889,0.0285867,0.00952889
30,7352.88,1.35044,1.22397,0.0118,0.89439,0.81692,0.88623,0.61026,1.18696,0.72486,0.01541,0.0284857,0.00949524,0.0284857,0.00949524,0.0284857,0.00949524,0.0284857,0.00949524
31,7595.29,1.35291,1.24427,0.0119,0.92089,0.79672,0.88703,0.6141,1.17503,0.72703,0.01546,0.0283814,0.00946048,0.0283814,0.00946048,0.0283814,0.00946048,0.0283814,0.00946048
32,7838.77,1.32688,1.21196,0.01179,0.91126,0.81818,0.90594,0.63262,1.16578,0.64765,0.0148,0.0282739,0.00942464,0.0282739,0.00942464,0.0282739,0.00942464,0.0282739,0.00942464
33,8082.71,1.3313,1.18381,0.01158,0.92292,0.82828,0.90527,0.64623,1.11051,0.66593,0.01435,0.0281632,0.00938772,0.0281632,0.00938772,0.0281632,0.00938772,0.0281632,0.00938772
34,8326.83,1.33205,1.19648,0.01176,0.92938,0.82576,0.9047,0.62398,1.14732,0.69071,0.01434,0.0280492,0.00934973,0.0280492,0.00934973,0.0280492,0.00934973,0.0280492,0.00934973
35,8568.69,1.31516,1.19584,0.01166,0.91757,0.81439,0.90595,0.64727,1.10533,0.63062,0.014,0.027932,0.00931067,0.027932,0.00931067,0.027932,0.00931067,0.027932,0.00931067
36,8811.22,1.30941,1.18406,0.01166,0.89375,0.82828,0.89923,0.63969,1.11441,0.65654,0.01442,0.0278117,0.00927057,0.0278117,0.00927057,0.0278117,0.00927057,0.0278117,0.00927057
37,9054.25,1.31144,1.15324,0.01167,0.9232,0.81439,0.9039,0.65007,1.09346,0.66122,0.0146,0.0276883,0.00922942,0.0276883,0.00922942,0.0276883,0.00922942,0.0276883,0.00922942
38,9297,1.29867,1.14901,0.01155,0.95435,0.8183,0.91172,0.64247,1.12208,0.60857,0.0148,0.0275617,0.00918725,0.0275617,0.00918725,0.0275617,0.00918725,0.0275617,0.00918725
39,9539.34,1.31548,1.16108,0.01138,0.8977,0.81313,0.89836,0.62673,1.10666,0.71959,0.01389,0.0274321,0.00914405,0.0274321,0.00914405,0.0274321,0.00914405,0.0274321,0.00914405
40,9781.07,1.29107,1.11969,0.01138,0.91408,0.8328,0.90584,0.63644,1.12571,0.65864,0.0143,0.0272995,0.00909984,0.0272995,0.00909984,0.0272995,0.00909984,0.0272995,0.00909984
41,10023.8,1.29839,1.13456,0.01137,0.9373,0.82955,0.90948,0.6415,1.09761,0.66538,0.01381,0.0271639,0.00905463,0.0271639,0.00905463,0.0271639,0.00905463,0.0271639,0.00905463
42,10266.3,1.27242,1.09254,0.01122,0.90267,0.84311,0.91069,0.64904,1.10101,0.65482,0.01411,0.0270253,0.00900844,0.0270253,0.00900844,0.0270253,0.00900844,0.0270253,0.00900844
43,10508.5,1.27527,1.08222,0.01111,0.93485,0.83333,0.90832,0.63734,1.13245,0.63807,0.01375,0.0268838,0.00896127,0.0268838,0.00896127,0.0268838,0.00896127,0.0268838,0.00896127
44,10750.8,1.27939,1.10194,0.01131,0.92131,0.82784,0.90382,0.63237,1.12078,0.64092,0.01381,0.0267394,0.00891313,0.0267394,0.00891313,0.0267394,0.00891313,0.0267394,0.00891313
45,10992.5,1.26316,1.07948,0.01092,0.93862,0.83019,0.91356,0.65034,1.11556,0.61461,0.01412,0.0265921,0.00886404,0.0265921,0.00886404,0.0265921,0.00886404,0.0265921,0.00886404
46,11235,1.26182,1.07559,0.01089,0.91011,0.85101,0.90836,0.64295,1.10957,0.67366,0.01415,0.026442,0.00881401,0.026442,0.00881401,0.026442,0.00881401,0.026442,0.00881401
47,11476.5,1.25687,1.07302,0.01104,0.93885,0.84848,0.91131,0.65289,1.10017,0.60673,0.014,0.0262891,0.00876305,0.0262891,0.00876305,0.0262891,0.00876305,0.0262891,0.00876305
48,11719.3,1.2416,1.05963,0.01079,0.91683,0.86299,0.91545,0.65636,1.08232,0.58416,0.01346,0.0261335,0.00871117,0.0261335,0.00871117,0.0261335,0.00871117,0.0261335,0.00871117
49,11962,1.23588,1.05012,0.0108,0.9355,0.84242,0.90653,0.64985,1.09054,0.63141,0.01374,0.0259752,0.00865839,0.0259752,0.00865839,0.0259752,0.00865839,0.0259752,0.00865839
50,12203.6,1.24765,1.04827,0.01096,0.93454,0.83965,0.91166,0.64822,1.09627,0.6225,0.01398,0.0258142,0.00860473,0.0258142,0.00860473,0.0258142,0.00860473,0.0258142,0.00860473
51,12445.7,1.22497,1.04963,0.01068,0.93473,0.83171,0.91376,0.65065,1.10707,0.61161,0.01398,0.0256505,0.00855018,0.0256505,0.00855018,0.0256505,0.00855018,0.0256505,0.00855018
52,12687.7,1.22062,1.04793,0.01083,0.92902,0.83712,0.91285,0.65685,1.0761,0.59629,0.01332,0.0254843,0.00849477,0.0254843,0.00849477,0.0254843,0.00849477,0.0254843,0.00849477
53,12929,1.22464,1.03926,0.01063,0.93405,0.85834,0.92017,0.66301,1.07686,0.59961,0.01362,0.0253155,0.00843851,0.0253155,0.00843851,0.0253155,0.00843851,0.0253155,0.00843851
54,13170.6,1.20616,1.01997,0.01062,0.92133,0.84596,0.91169,0.66047,1.05597,0.63441,0.01291,0.0251442,0.00838141,0.0251442,0.00838141,0.0251442,0.00838141,0.0251442,0.00838141
55,13412.2,1.21955,1.01512,0.0106,0.94311,0.85101,0.91329,0.65392,1.07311,0.61859,0.01314,0.0249705,0.00832349,0.0249705,0.00832349,0.0249705,0.00832349,0.0249705,0.00832349
56,13655.1,1.19734,1.00758,0.01028,0.9459,0.8447,0.91299,0.66004,1.06281,0.60979,0.01296,0.0247943,0.00826477,0.0247943,0.00826477,0.0247943,0.00826477,0.0247943,0.00826477
57,13897.4,1.20246,1.00482,0.0103,0.95559,0.82702,0.91358,0.66343,1.03008,0.59304,0.01232,0.0246157,0.00820525,0.0246157,0.00820525,0.0246157,0.00820525,0.0246157,0.00820525
58,14139.6,1.18764,0.97527,0.01022,0.93174,0.84091,0.90796,0.66298,1.04895,0.59632,0.01283,0.0244349,0.00814495,0.0244349,0.00814495,0.0244349,0.00814495,0.0244349,0.00814495
59,14381.7,1.19171,0.98322,0.01016,0.91713,0.85606,0.91765,0.66821,1.0563,0.57526,0.01316,0.0242517,0.00808389,0.0242517,0.00808389,0.0242517,0.00808389,0.0242517,0.00808389
60,14624.9,1.17934,0.98504,0.01013,0.95652,0.83323,0.91036,0.66926,1.03559,0.57606,0.01268,0.0240662,0.00802208,0.0240662,0.00802208,0.0240662,0.00802208,0.0240662,0.00802208
61,14867.7,1.17865,0.97849,0.01016,0.94445,0.83333,0.91324,0.67199,1.01991,0.59829,0.01237,0.0238786,0.00795954,0.0238786,0.00795954,0.0238786,0.00795954,0.0238786,0.00795954
62,15110.5,1.17146,0.93578,0.01001,0.92248,0.87145,0.91854,0.67937,1.01395,0.57481,0.01238,0.0236888,0.00789628,0.0236888,0.00789628,0.0236888,0.00789628,0.0236888,0.00789628
63,15353.6,1.17285,0.95575,0.01008,0.91749,0.84243,0.91169,0.66969,1.02952,0.61159,0.01229,0.0234969,0.00783231,0.0234969,0.00783231,0.0234969,0.00783231,0.0234969,0.00783231
64,15595.7,1.16873,0.96975,0.01019,0.93302,0.84091,0.91218,0.67034,1.0339,0.605,0.01269,0.023303,0.00776766,0.023303,0.00776766,0.023303,0.00776766,0.023303,0.00776766
65,15837.7,1.15804,0.94893,0.00989,0.93199,0.8478,0.91551,0.66783,1.04574,0.60335,0.01309,0.023107,0.00770234,0.023107,0.00770234,0.023107,0.00770234,0.023107,0.00770234
66,16079.2,1.15089,0.9484,0.00971,0.9207,0.85019,0.91639,0.67309,1.02299,0.59833,0.01266,0.0229091,0.00763637,0.0229091,0.00763637,0.0229091,0.00763637,0.0229091,0.00763637
67,16321.8,1.14926,0.94064,0.00978,0.93631,0.85386,0.91558,0.67207,1.03298,0.59044,0.01305,0.0227093,0.00756976,0.0227093,0.00756976,0.0227093,0.00756976,0.0227093,0.00756976
68,16563.9,1.14679,0.91675,0.0097,0.95794,0.83395,0.91964,0.67618,1.01433,0.58214,0.01246,0.0225076,0.00750252,0.0225076,0.00750252,0.0225076,0.00750252,0.0225076,0.00750252
69,16806.4,1.14237,0.92721,0.00974,0.92435,0.86391,0.92259,0.67944,1.02005,0.56234,0.01283,0.022304,0.00743468,0.022304,0.00743468,0.022304,0.00743468,0.022304,0.00743468
70,17049.7,1.15772,0.91272,0.00984,0.92825,0.86364,0.91957,0.67731,1.01182,0.58454,0.01224,0.0220988,0.00736625,0.0220988,0.00736625,0.0220988,0.00736625,0.0220988,0.00736625
71,17292.3,1.13554,0.89661,0.00975,0.93573,0.86111,0.91838,0.67282,1.03845,0.57618,0.01283,0.0218918,0.00729725,0.0218918,0.00729725,0.0218918,0.00729725,0.0218918,0.00729725
72,17535.4,1.13562,0.9255,0.00987,0.94617,0.84722,0.91647,0.67414,1.02195,0.5785,0.01239,0.0216831,0.0072277,0.0216831,0.0072277,0.0216831,0.0072277,0.0216831,0.0072277
73,17778.5,1.12884,0.90875,0.00971,0.93497,0.84848,0.92128,0.67881,1.01454,0.59425,0.01229,0.0214728,0.00715761,0.0214728,0.00715761,0.0214728,0.00715761,0.0214728,0.00715761
74,18020.2,1.11338,0.90002,0.00962,0.95886,0.85338,0.92233,0.67464,1.03153,0.59098,0.01249,0.021261,0.007087,0.021261,0.007087,0.021261,0.007087,0.021261,0.007087
75,18262.6,1.1082,0.86939,0.00938,0.96417,0.85606,0.92145,0.67255,1.0305,0.57635,0.01252,0.0210476,0.00701588,0.0210476,0.00701588,0.0210476,0.00701588,0.0210476,0.00701588
76,18505.7,1.11173,0.8541,0.00931,0.94333,0.86111,0.92078,0.67096,1.03606,0.5546,0.01283,0.0208328,0.00694428,0.0208328,0.00694428,0.0208328,0.00694428,0.0208328,0.00694428
77,18748,1.10696,0.88445,0.00958,0.95704,0.8649,0.92059,0.67173,1.01706,0.569,0.01226,0.0206166,0.00687222,0.0206166,0.00687222,0.0206166,0.00687222,0.0206166,0.00687222
78,18991,1.10351,0.83783,0.00927,0.95448,0.8447,0.92102,0.67523,1.03609,0.56033,0.01243,0.0203991,0.0067997,0.0203991,0.0067997,0.0203991,0.0067997,0.0203991,0.0067997
79,19233.8,1.1025,0.84398,0.00949,0.95369,0.85813,0.91994,0.66891,1.02702,0.55968,0.01241,0.0201803,0.00672675,0.0201803,0.00672675,0.0201803,0.00672675,0.0201803,0.00672675
80,19476.4,1.09688,0.83011,0.00947,0.94902,0.8697,0.92099,0.67515,1.02185,0.55146,0.01246,0.0199602,0.00665339,0.0199602,0.00665339,0.0199602,0.00665339,0.0199602,0.00665339
81,19718.3,1.08774,0.83714,0.00924,0.95376,0.86111,0.91744,0.67285,1.02271,0.54489,0.01246,0.0197389,0.00657963,0.0197389,0.00657963,0.0197389,0.00657963,0.0197389,0.00657963
82,19961.1,1.09429,0.84295,0.0093,0.95533,0.86401,0.91339,0.67046,1.01373,0.55371,0.01207,0.0195165,0.0065055,0.0195165,0.0065055,0.0195165,0.0065055,0.0195165,0.0065055
83,20203.6,1.07103,0.83649,0.00924,0.95241,0.86869,0.91827,0.67611,1.02024,0.55003,0.01243,0.019293,0.00643101,0.019293,0.00643101,0.019293,0.00643101,0.019293,0.00643101
84,20447.1,1.06942,0.82413,0.0092,0.93777,0.8649,0.91653,0.67677,1.01005,0.57086,0.01226,0.0190685,0.00635617,0.0190685,0.00635617,0.0190685,0.00635617,0.0190685,0.00635617
85,20689.5,1.05401,0.81421,0.00892,0.96505,0.84091,0.91425,0.67853,0.99782,0.57573,0.01191,0.018843,0.00628101,0.018843,0.00628101,0.018843,0.00628101,0.018843,0.00628101
86,20931.9,1.06512,0.83309,0.00923,0.96164,0.85227,0.91621,0.68011,0.99512,0.58657,0.01214,0.0186167,0.00620555,0.0186167,0.00620555,0.0186167,0.00620555,0.0186167,0.00620555
87,21176,1.04558,0.80794,0.00881,0.94082,0.8649,0.91687,0.67832,1.01103,0.56601,0.01212,0.0183894,0.00612981,0.0183894,0.00612981,0.0183894,0.00612981,0.0183894,0.00612981
88,21418,1.05131,0.79561,0.00878,0.95281,0.86677,0.92008,0.68518,1.00203,0.56234,0.01173,0.0181614,0.0060538,0.0181614,0.0060538,0.0181614,0.0060538,0.0181614,0.0060538
89,21660.5,1.04011,0.80412,0.00893,0.95286,0.86774,0.92081,0.68082,1.00158,0.54369,0.01184,0.0179326,0.00597754,0.0179326,0.00597754,0.0179326,0.00597754,0.0179326,0.00597754
90,21902.2,1.04685,0.79229,0.00892,0.91989,0.88443,0.92132,0.68175,1.01047,0.53791,0.01232,0.0177031,0.00590105,0.0177031,0.00590105,0.0177031,0.00590105,0.0177031,0.00590105
91,22144.4,1.03582,0.78713,0.00871,0.96009,0.85101,0.92048,0.68031,1.01108,0.55282,0.01206,0.0174731,0.00582435,0.0174731,0.00582435,0.0174731,0.00582435,0.0174731,0.00582435
92,22387.7,1.03074,0.77777,0.00881,0.94454,0.85859,0.91839,0.68111,1.0195,0.54924,0.01219,0.0172424,0.00574746,0.0172424,0.00574746,0.0172424,0.00574746,0.0172424,0.00574746
93,22629.2,1.03717,0.80075,0.00865,0.93857,0.86818,0.92075,0.6807,1.01062,0.54543,0.01219,0.0170112,0.0056704,0.0170112,0.0056704,0.0170112,0.0056704,0.0170112,0.0056704
94,22870.8,1.00823,0.77499,0.00853,0.93887,0.87269,0.91732,0.68199,1.00241,0.55798,0.01195,0.0167796,0.00559318,0.0167796,0.00559318,0.0167796,0.00559318,0.0167796,0.00559318
95,23112.3,1.01926,0.78156,0.00873,0.95583,0.86111,0.91651,0.68071,1.00965,0.55124,0.01214,0.0165475,0.00551584,0.0165475,0.00551584,0.0165475,0.00551584,0.0165475,0.00551584
96,23354.6,1.01389,0.7689,0.00854,0.94637,0.86111,0.91472,0.67783,1.01957,0.56063,0.01232,0.0163151,0.00543837,0.0163151,0.00543837,0.0163151,0.00543837,0.0163151,0.00543837
97,23597.4,1.01463,0.7694,0.00866,0.94751,0.86364,0.91716,0.67797,1.01859,0.5647,0.01228,0.0160824,0.00536081,0.0160824,0.00536081,0.0160824,0.00536081,0.0160824,0.00536081
98,23838.9,0.99991,0.75802,0.00863,0.95089,0.85569,0.9134,0.67698,1.01665,0.5785,0.01233,0.0158495,0.00528318,0.0158495,0.00528318,0.0158495,0.00528318,0.0158495,0.00528318
99,24080.3,0.99799,0.75642,0.00848,0.94648,0.84856,0.9119,0.67924,1.0127,0.60234,0.01212,0.0156164,0.00520548,0.0156164,0.00520548,0.0156164,0.00520548,0.0156164,0.00520548
100,24322,1.00309,0.76769,0.00838,0.95408,0.85227,0.91244,0.68006,1.01049,0.59532,0.01226,0.0153833,0.00512775,0.0153833,0.00512775,0.0153833,0.00512775,0.0153833,0.00512775
101,24564.7,0.98993,0.73955,0.00844,0.96299,0.85417,0.91256,0.68177,0.99994,0.59742,0.01204,0.01515,0.00505,0.01515,0.00505,0.01515,0.00505,0.01515,0.00505
102,24807.4,0.98736,0.74358,0.00836,0.95507,0.85227,0.91042,0.68281,1.0021,0.59341,0.01212,0.0149167,0.00497225,0.0149167,0.00497225,0.0149167,0.00497225,0.0149167,0.00497225
103,25049.6,0.98058,0.76431,0.00839,0.95574,0.85227,0.91067,0.68189,1.01337,0.57361,0.0123,0.0146836,0.00489452,0.0146836,0.00489452,0.0146836,0.00489452,0.0146836,0.00489452
104,25293.4,0.97848,0.75906,0.00836,0.9507,0.85222,0.91228,0.68431,1.00155,0.5912,0.01197,0.0144505,0.00481682,0.0144505,0.00481682,0.0144505,0.00481682,0.0144505,0.00481682
105,25537.1,0.96705,0.73729,0.00795,0.95054,0.8548,0.91221,0.68547,1.00329,0.58942,0.0121,0.0142176,0.00473919,0.0142176,0.00473919,0.0142176,0.00473919,0.0142176,0.00473919
106,25780.6,0.97182,0.75153,0.00821,0.94558,0.85606,0.9126,0.6858,1.00979,0.57614,0.01232,0.0139849,0.00466163,0.0139849,0.00466163,0.0139849,0.00466163,0.0139849,0.00466163
107,26023,0.95789,0.71487,0.008,0.94792,0.85039,0.91258,0.68405,1.00262,0.59211,0.01218,0.0137525,0.00458416,0.0137525,0.00458416,0.0137525,0.00458416,0.0137525,0.00458416
108,26265.2,0.95034,0.70852,0.00786,0.9429,0.85859,0.91102,0.68075,1.00888,0.58211,0.01229,0.0135204,0.00450682,0.0135204,0.00450682,0.0135204,0.00450682,0.0135204,0.00450682
109,26507.8,0.9569,0.7289,0.00807,0.94523,0.84984,0.91206,0.67963,1.0069,0.5948,0.01228,0.0132888,0.0044296,0.0132888,0.0044296,0.0132888,0.0044296,0.0132888,0.0044296
110,26751.6,0.95259,0.72197,0.00806,0.94237,0.85606,0.91174,0.67803,1.00413,0.60459,0.01222,0.0130576,0.00435254,0.0130576,0.00435254,0.0130576,0.00435254,0.0130576,0.00435254
111,26995.1,0.94608,0.70415,0.00786,0.94258,0.84984,0.90866,0.67672,1.00668,0.61051,0.01219,0.0128269,0.00427565,0.0128269,0.00427565,0.0128269,0.00427565,0.0128269,0.00427565
112,27239.4,0.93273,0.69666,0.00787,0.93594,0.84852,0.90656,0.67588,1.00538,0.60608,0.01216,0.0125969,0.00419895,0.0125969,0.00419895,0.0125969,0.00419895,0.0125969,0.00419895
113,27483.1,0.93158,0.70073,0.00792,0.93507,0.85467,0.90789,0.67346,1.00038,0.61122,0.0119,0.0123674,0.00412246,0.0123674,0.00412246,0.0123674,0.00412246,0.0123674,0.00412246
114,27726.3,0.9313,0.69506,0.00784,0.92348,0.83805,0.90516,0.67053,0.99766,0.63595,0.01173,0.0121386,0.0040462,0.0121386,0.0040462,0.0121386,0.0040462,0.0121386,0.0040462
115,27967.8,0.92444,0.68758,0.00769,0.93703,0.83207,0.90327,0.67207,0.99864,0.62785,0.01193,0.0119106,0.00397019,0.0119106,0.00397019,0.0119106,0.00397019,0.0119106,0.00397019
116,28209.2,0.91347,0.68507,0.00764,0.93544,0.83081,0.90254,0.67403,0.99535,0.63908,0.01191,0.0116833,0.00389445,0.0116833,0.00389445,0.0116833,0.00389445,0.0116833,0.00389445
117,28450.4,0.91598,0.66665,0.0076,0.92436,0.83712,0.90071,0.67348,0.99245,0.64142,0.0118,0.011457,0.00381899,0.011457,0.00381899,0.011457,0.00381899,0.011457,0.00381899
118,28691.9,0.90778,0.67107,0.00757,0.92558,0.83838,0.8983,0.67462,0.98452,0.65288,0.01156,0.0112315,0.00374383,0.0112315,0.00374383,0.0112315,0.00374383,0.0112315,0.00374383
119,28933.9,0.90667,0.66065,0.00763,0.93117,0.83702,0.90039,0.67747,0.97936,0.65844,0.01136,0.011007,0.00366899,0.011007,0.00366899,0.011007,0.00366899,0.011007,0.00366899
120,29177,0.89201,0.66814,0.00751,0.9305,0.83712,0.90102,0.67736,0.9815,0.6405,0.01156,0.0107835,0.0035945,0.0107835,0.0035945,0.0107835,0.0035945,0.0107835,0.0035945
121,29418.5,0.89324,0.66538,0.00747,0.93347,0.84343,0.90133,0.6774,0.98161,0.63287,0.0117,0.0105611,0.00352037,0.0105611,0.00352037,0.0105611,0.00352037,0.0105611,0.00352037
122,29660.8,0.88778,0.64894,0.00746,0.93443,0.84574,0.90251,0.6772,0.97934,0.62802,0.01165,0.0103398,0.00344661,0.0103398,0.00344661,0.0103398,0.00344661,0.0103398,0.00344661
123,29902.7,0.88854,0.64564,0.00745,0.94217,0.84336,0.90293,0.67806,0.98071,0.62204,0.01169,0.0101197,0.00337325,0.0101197,0.00337325,0.0101197,0.00337325,0.0101197,0.00337325
124,30144.4,0.88227,0.64778,0.00744,0.9402,0.84722,0.90343,0.67805,0.98016,0.61574,0.01164,0.0099009,0.0033003,0.0099009,0.0033003,0.0099009,0.0033003,0.0099009,0.0033003
125,30385.7,0.86518,0.63415,0.00727,0.93709,0.84848,0.90517,0.67927,0.98116,0.60609,0.01162,0.00968335,0.00322778,0.00968335,0.00322778,0.00968335,0.00322778,0.00968335,0.00322778
126,30626.9,0.86487,0.63691,0.00712,0.93617,0.85184,0.90606,0.6798,0.98109,0.60796,0.01163,0.00946715,0.00315572,0.00946715,0.00315572,0.00946715,0.00315572,0.00946715,0.00315572
127,30868.2,0.86644,0.63711,0.00728,0.93727,0.84894,0.90741,0.68056,0.97968,0.61634,0.01156,0.00925235,0.00308412,0.00925235,0.00308412,0.00925235,0.00308412,0.00925235,0.00308412
128,31109.3,0.86533,0.63945,0.00725,0.94692,0.84848,0.90788,0.68173,0.97459,0.61976,0.01145,0.00903901,0.003013,0.00903901,0.003013,0.00903901,0.003013,0.00903901,0.003013
129,31350.4,0.85122,0.61495,0.00711,0.94,0.84848,0.90813,0.6818,0.97388,0.61275,0.01143,0.00882718,0.00294239,0.00882718,0.00294239,0.00882718,0.00294239,0.00882718,0.00294239
130,31591.7,0.85506,0.63191,0.00703,0.94148,0.85311,0.90884,0.68218,0.97703,0.60628,0.0115,0.0086169,0.0028723,0.0086169,0.0028723,0.0086169,0.0028723,0.0086169,0.0028723
131,31833.1,0.84011,0.61905,0.00698,0.94439,0.85101,0.90909,0.68561,0.97278,0.61349,0.01144,0.00840824,0.00280275,0.00840824,0.00280275,0.00840824,0.00280275,0.00840824,0.00280275
132,32074.9,0.84129,0.61672,0.007,0.94281,0.85346,0.90948,0.6852,0.97172,0.60528,0.01148,0.00820124,0.00273375,0.00820124,0.00273375,0.00820124,0.00273375,0.00820124,0.00273375
133,32316.4,0.83578,0.61148,0.00713,0.94403,0.85101,0.91144,0.68651,0.97194,0.60392,0.01153,0.00799596,0.00266532,0.00799596,0.00266532,0.00799596,0.00266532,0.00799596,0.00266532
134,32558.3,0.83085,0.6013,0.00686,0.94354,0.85101,0.90878,0.68611,0.97149,0.60222,0.0115,0.00779244,0.00259748,0.00779244,0.00259748,0.00779244,0.00259748,0.00779244,0.00259748
135,32799.9,0.8281,0.60833,0.00692,0.94351,0.84358,0.90845,0.68508,0.97064,0.6104,0.01159,0.00759073,0.00253024,0.00759073,0.00253024,0.00759073,0.00253024,0.00759073,0.00253024
136,33041.3,0.81587,0.58468,0.00693,0.94223,0.84722,0.90847,0.6843,0.9699,0.61304,0.01153,0.0073909,0.00246363,0.0073909,0.00246363,0.0073909,0.00246363,0.0073909,0.00246363
137,33282.6,0.81164,0.58367,0.00669,0.94094,0.84484,0.90969,0.68553,0.97596,0.60379,0.01172,0.00719297,0.00239766,0.00719297,0.00239766,0.00719297,0.00239766,0.00719297,0.00239766
138,33523.8,0.82026,0.6084,0.00693,0.95041,0.84702,0.91131,0.68649,0.97343,0.60516,0.01172,0.00699701,0.00233234,0.00699701,0.00233234,0.00699701,0.00233234,0.00699701,0.00233234
139,33767.2,0.81335,0.5981,0.00677,0.96906,0.82702,0.91017,0.68305,0.96837,0.61286,0.01151,0.00680306,0.00226769,0.00680306,0.00226769,0.00680306,0.00226769,0.00680306,0.00226769
140,34011.3,0.8081,0.59667,0.00675,0.94137,0.83838,0.90694,0.68116,0.96595,0.62883,0.01139,0.00661117,0.00220372,0.00661117,0.00220372,0.00661117,0.00220372,0.00661117,0.00220372
141,34254,0.8017,0.59785,0.00671,0.95422,0.83586,0.907,0.68301,0.96843,0.62619,0.01153,0.00642139,0.00214046,0.00642139,0.00214046,0.00642139,0.00214046,0.00642139,0.00214046
142,34497.9,0.80547,0.60125,0.0067,0.95108,0.83838,0.90768,0.68313,0.96989,0.62041,0.01166,0.00623376,0.00207792,0.00623376,0.00207792,0.00623376,0.00207792,0.00623376,0.00207792
143,34741.5,0.78726,0.58506,0.00661,0.95151,0.84236,0.90847,0.68447,0.96814,0.62331,0.01152,0.00604833,0.00201611,0.00604833,0.00201611,0.00604833,0.00201611,0.00604833,0.00201611
144,34985.5,0.79218,0.58646,0.00673,0.95346,0.84217,0.90824,0.68218,0.96584,0.61943,0.01147,0.00586515,0.00195505,0.00586515,0.00195505,0.00586515,0.00195505,0.00586515,0.00195505
145,35229.7,0.79098,0.57676,0.00661,0.95413,0.84046,0.90834,0.68359,0.9654,0.62261,0.0115,0.00568425,0.00189475,0.00568425,0.00189475,0.00568425,0.00189475,0.00568425,0.00189475
146,35474,0.78334,0.57955,0.00644,0.95368,0.84596,0.90879,0.68264,0.96326,0.62278,0.01144,0.0055057,0.00183523,0.0055057,0.00183523,0.0055057,0.00183523,0.0055057,0.00183523
147,35717.8,0.78049,0.57944,0.00639,0.95832,0.8447,0.9085,0.68301,0.96587,0.61657,0.01147,0.00532952,0.00177651,0.00532952,0.00177651,0.00532952,0.00177651,0.00532952,0.00177651
148,35961.9,0.77825,0.56454,0.00653,0.95841,0.84377,0.90834,0.68213,0.96691,0.61767,0.01155,0.00515576,0.00171859,0.00515576,0.00171859,0.00515576,0.00171859,0.00515576,0.00171859
149,36205.5,0.77511,0.56046,0.00648,0.95441,0.84589,0.90815,0.68349,0.96674,0.6175,0.01158,0.00498448,0.00166149,0.00498448,0.00166149,0.00498448,0.00166149,0.00498448,0.00166149
150,36449.6,0.76971,0.56945,0.00646,0.95499,0.84091,0.9082,0.68245,0.97098,0.6039,0.01169,0.00481569,0.00160523,0.00481569,0.00160523,0.00481569,0.00160523,0.00481569,0.00160523
151,36692.9,0.7549,0.54654,0.0062,0.95177,0.84217,0.90783,0.68225,0.97132,0.60195,0.01166,0.00464946,0.00154982,0.00464946,0.00154982,0.00464946,0.00154982,0.00464946,0.00154982
152,36934.9,0.75657,0.56455,0.00632,0.94891,0.84426,0.90771,0.68286,0.96998,0.60224,0.01163,0.00448582,0.00149527,0.00448582,0.00149527,0.00448582,0.00149527,0.00448582,0.00149527
153,37176.2,0.75704,0.55522,0.00625,0.9483,0.84722,0.90846,0.68302,0.97072,0.6019,0.01163,0.00432482,0.00144161,0.00432482,0.00144161,0.00432482,0.00144161,0.00432482,0.00144161
154,37418.3,0.75027,0.54444,0.00619,0.91504,0.875,0.90872,0.68283,0.97082,0.59743,0.0116,0.00416648,0.00138883,0.00416648,0.00138883,0.00416648,0.00138883,0.00416648,0.00138883
155,37659.4,0.74687,0.54935,0.00617,0.91763,0.87374,0.90977,0.68305,0.97207,0.59328,0.01158,0.00401085,0.00133695,0.00401085,0.00133695,0.00401085,0.00133695,0.00401085,0.00133695
156,37902.3,0.74967,0.54107,0.00625,0.95651,0.8447,0.90961,0.68336,0.97105,0.59347,0.01157,0.00385797,0.00128599,0.00385797,0.00128599,0.00385797,0.00128599,0.00385797,0.00128599
157,38144,0.74134,0.54871,0.00625,0.95652,0.8447,0.90823,0.68317,0.97185,0.59528,0.01164,0.00370788,0.00123596,0.00370788,0.00123596,0.00370788,0.00123596,0.00370788,0.00123596
158,38384.8,0.74322,0.54444,0.00618,0.96077,0.84217,0.90829,0.68275,0.9763,0.58817,0.01182,0.00356061,0.00118687,0.00356061,0.00118687,0.00356061,0.00118687,0.00356061,0.00118687
159,38626.1,0.73942,0.55222,0.00612,0.95844,0.84445,0.90853,0.68293,0.97677,0.58717,0.01182,0.0034162,0.00113873,0.0034162,0.00113873,0.0034162,0.00113873,0.0034162,0.00113873
160,38867.1,0.72119,0.5319,0.00592,0.9592,0.84596,0.90838,0.68233,0.97748,0.58726,0.01182,0.00327468,0.00109156,0.00327468,0.00109156,0.00327468,0.00109156,0.00327468,0.00109156
161,39108.1,0.71502,0.52905,0.00599,0.95313,0.84733,0.90833,0.68159,0.97665,0.59357,0.01172,0.0031361,0.00104537,0.0031361,0.00104537,0.0031361,0.00104537,0.0031361,0.00104537
162,39350,0.72903,0.52609,0.0061,0.95405,0.84343,0.90866,0.68226,0.97657,0.59235,0.01171,0.00300048,0.00100016,0.00300048,0.00100016,0.00300048,0.00100016,0.00300048,0.00100016
163,39591.1,0.72154,0.52219,0.00595,0.95712,0.84848,0.9089,0.68281,0.97659,0.5924,0.01172,0.00286785,0.000955951,0.00286785,0.000955951,0.00286785,0.000955951,0.00286785,0.000955951
